"Review","Nama Tempat","Rating","Reviewer","Tanggal","ISO_Tanggal"
"Pantai klayar adalah wisata pantai pasir putih yg letaknya ada di daerah Pacitan. Hati2 saat menggunakan google maps, karena saya pernah disesatkan melewati jalan sempit dan sangat sepi. Perjalanan dari Jogja sore sehingga di jalan cukup gelap. Padahal baru jam 7-8 melewati hutan yang sepi jadi serem..

Solusi, jika memakai Google maps bisa menuju pracimantoro, dan goa gong terlebih dahulu, baru kemudian pantai klayar. Karena jika langsung dari wonosari ke pantai Klayar maka bisa saja disasarkan lewat hutan2 seperti saya.

Pemandangan pantai Klayar cukup indah saat cuaca cerah. Namun sayang, disana sudah mulai banyak sampah yang tidak dibuang ke tempatnya. Sebagai pengunjung, turut sedih melihat ini. Please jagalah kebersihan. Kalau bukan kita yang jaga siapa lagi.","Pantai Klayar Pacitan","5.0","ulfatul fikriyah","4 bulan lalu","2025-12-28T07:15:18Z"
"Berikut review + info terkini tentang Pantai Klayar, Pacitan berdasarkan sumber-sumber terbaru. Bisa jadi membantu kamu kalau mau ke sana:

🔍 Informasi Umum

Lokasi: Desa Sendang, Kecamatan Donorojo, Kabupaten Pacitan, Jawa Timur.

Jarak dari Kota Pacitan ± 35-40 km ke arah barat, dengan estimasi waktu tempuh kira-kira 1 hingga 1,5 jam tergantung titik awal dan kecepatan kendaraan.

Tiket Masuk: sekitar Rp 15.000 untuk dewasa, Rp 10.000 anak ‒ cukup terjangkau.

Waktu operasional: dibuka 24 jam.

🌟 Keunggulan / Daya Tarik

1. Keindahan alam yang unik

Pasir putih yang lembut dan laut yang jernih membentuk panorama pantai yang memesona.

Tebing-tebing karang di sisi pantai, beberapa di antaranya menyerupai bentuk “Sphinx” dari jauh.

Fenomena alami “Seruling Samudra” (lubang/ celah di karang yang semburkan air ketika ombak menerjang) memberikan atraksi tambahan, terutama saat ombak kuat.

2. Fasilitas yang memadai

Tersedia lahan parkir yang cukup luas (bisa untuk mobil & bus) sehingga pengunjung tidak perlu berjalan jauh dari tempat parkir ke pantai.

Ada toilet, mushola, warung makan, dan beberapa gazebo atau tempat berteduh.

Spot foto instagramable banyak karena kombinasi karang, laut, dan gardu pandang di atas bukit tebing.

3. Alternatif aktivitas

Bermain pasir, berfoto, santai di pinggir laut.

Menyaksikan Seruling Samudra dan formasi alam unik seperti batu Sphinx dan karang bolong.

Ada penyewaan ATV untuk keliling pantai (tawaran biayanya bervariasi).

⚠️ Catatan / Kekurangan & Hal yang Perlu Waspadai

Jalan akses & medan
Meskipun jalan telah diaspal sebagian besar, ada beberapa bagian yang sempit, berkelok dan tanjakan/ turunan curam. Pengemudi harus ekstra hati-hati.

Keselamatan
Ombak di Pantai Klayar bisa sangat besar terutama saat laut sedang pasang atau cuaca buruk. Ada area yang tidak aman untuk berenang atau mendekati celah karang saat semburan. Jadi pengunjung harus memperhatikan petunjuk dan peringatan dari pengelola.

Keramaian
Di hari libur atau akhir pekan, terutama siang hari, pengunjung bisa banyak, jadi suasana bisa sedikit kurang tenang. Namun lapangan parkir luas & area pantai yang cukup panjang membantu pengunjung tetap bisa menemukan ruang.

Fasilitas tambahan mungkin terbatas
Warung makan tersedia, tetapi jangan terlalu berharap ada restoran besar. Beberapa fasilitas seperti penginapan relatif dekat, tetapi mungkin tidak semua fasilitas mewah tersedia langsung di pantai.

👍 Kesimpulan & Tips

Pantai Klayar adalah destinasi yang sangat layak untuk dikunjungi jika kamu suka alam, pantai yang fotografis, dan pengalaman wisata yang relatif alami tapi sudah cukup nyaman. Cocok untuk:

Foto-foto natural dan panorama laut + karang

Menikmati suasana pantai yang lebih santai & alami dibanding pantai ramai

Datang di pagi hari atau sore hari agar mendapat cahaya yang bagus & suasana tidak terlalu panas

Beberapa tips untuk pengalaman terbaik:

Cek kondisi cuaca dan ombak sebelum berangkat

Memakai kendaraan yang nyaman dengan suspensi yang bagus kalau jalannya sedikit menanjak / menurun

Bawa perlengkapan mandi & ganti baju sendiri

Datang pagi atau sore agar suhu tidak terik & pemandangan bisa lebih bagus

Siapkan uang tunai kecil untuk warung lokal dan kebutuhan mendadak.","Pantai Klayar Pacitan","5.0","Danuri Utami","7 bulan lalu","2025-10-01T11:44:32Z"
"**HONEST REVIEW**
Dari segi kebersihan aku kasih 5/10, karena masih kelihatan cukup banyak sampah, terutama di area tikar-tikar yang digelar di pinggir pantai.

Soal jajanan, ya cukup oke. Banyak jajanan ala anak sekolah kayak cilok, cimol, batagor, dan sejenisnya. Kalau mau makanan yang lebih berat juga ada warung-warung di pinggir area pantai.

Yang utama soal view: menurut saya nggak seindah dan seluas pantai-pantai di Jogja. Terus agak disayangkan juga, kemarin pas saya ke sini pengunjung nggak boleh nyemplung ke pantainya karena pantai lagi pasang, tapi ya gapapa sih....Overall, tempat ini lumayan aesthetic kalau cuma buat foto-foto.

Satu lagi disini yang agak kurangnya itu akses jalannya. Dari Google Maps kemarin saya diarahkan lewat jalan rusak, sempit, banyak tikungan, dan tanjakannya nggak jelas, jadi lumayan bikin capek di perjalanan.

HTM : 15k per tgl 28 des 2025

BINTANG : ⭐⭐⭐","Pantai Klayar Pacitan","3.0","Freeze Fire","4 bulan lalu","2025-12-30T12:42:05Z"
"Salah belok sebelumnya dan sesaat baru sampai langsung dapat ikan fasilitas ojek untuk tambah wisata 4 tempat @50 ribu lihat list dan paket resmi akhirnya pilih paket B dengan jeep (saya termasuk gak bolehin istri dan anak perempuan di bonceng lelaki bukan muhrim) harga 500K. Pilhan di pantai Ngiroboyo, lanjut ke klayar Hill, tebing bolong dan di antar kembali ke tepi pantai klayar","Pantai Klayar Pacitan","4.0","Rachmat الفجر","4 bulan lalu","2025-12-27T06:29:28Z"
"Pantai jorok mohon pengelola wisata tolong sekali lagi tolong kebersihannya  di jaga jgn ambil untungnya aja parahhh.kapok aku kesnaan lagi. Fasilitas cuci tangan banyak yg rusak parahhh .ko bisa bisanya pantai seviral  itu kebersihannya kurang di jaga .nanti klu di biarkan berlarut aku yakin. Akan di tinggalkan pengunjung perlahan.! Jgn di anggap remeh kebersihan ya klu anda masih mengangap remeh kebersihan. Lihat saja nanti bom waktu yg menjawabnya.itu yg  sya pilih buat foto sebagian tempat saja .yg lain jorok.!sya menilai kebersihan pantai ini 50% SGT kecewa saya jauh2 dari Sidoarjo melihat pemandangan sampahh cuuuokkk dehh. pantai ini biasa aja menurut sya  ini jujur ulasan dari saya  tidak ada maksud menjatuhkan karena kebenaran harus sya sampaikan biar di jadikan bahan evaluasi pengelola wisata .bagi anda yg suka dgn kebersihan sya jamin anda akan risih .beda lagi klu anda kempros suka buang sampah sembarangan itu mungkin biasa saja buat anda dan pas saya jalan2 di pasir putih saya menemukan pecahan botol 2 kali dan sya amankan agar Tidak kena pengunjung yg lain .astagfirloh parahh bgt deh ini pantai sampai beling aja petugasnya tidak peka .bayangkan klu itu sampai kena kaki pengunjung tujuannya wisata jadi merana karna kaki terluka","Pantai Klayar Pacitan","2.0","Muhammad Ihsan","4 bulan lalu","2026-01-06T10:16:46Z"
"Pantainya baguus, tiket masuk 15rb / orang. Kalau tidak ingin jalan kaki dari parkiran ke bawah bisa naik ojek sepeda motor 5rb. Kalau mau sekalian ke pantai karang bolong dan pantai2 lain disekitarnya yang sangat indah juga bisa naik jeep paket harga 300 - 700rb. Overall baguuss banget pemandangannya.","Pantai Klayar Pacitan","5.0","Lina Fanti","4 bulan lalu","2025-12-26T14:39:30Z"
"pantai yang sangat indah
pasir putih dan memiliki pemandangan yang luar biasa indah menikmati bersama
orang terkasih menambah beribu ribu keindahannya","Pantai Klayar Pacitan","5.0","Sinta Aprilia","4 bulan lalu","2026-01-08T10:50:35Z"
"Saya perjalanan dari Solo, ikut Google Maps, tersesat ke jalan kecil di desa-desa. Pengalaman berharga.

Pas sampai Pantai Klayar, bayar tiket masuk 15.000 per orang dan parkir mobil 5.000. Dari lokasi parkir ke tepi pantai bisa naik ojek 5.000 sekali jalan. Atau kalo rombongan, bisa naik angkot bak terbuka yang ada atapnya, tapi tidak tahu berapa bayarnya. Ntar balik ke parkiran, naik ojek/angkot, bayar lagi.

Selama di lokasi pantai, bisa naik ATV.","Pantai Klayar Pacitan","5.0","Vitradesie Noekent","4 bulan lalu","2025-12-28T06:02:43Z"
"Bagus tempatnya cuma sayang aku ke sini saat hujan jadi tidak bisa menikmati pantai , hanya wisata kuliner dekat parkiran 😀😃","Pantai Klayar Pacitan","5.0","Ipung Peterson","4 bulan lalu","2025-12-26T08:01:20Z"
"Pantai nya bagus, pasir putih ada karang yg bagus seperti yg ada di foto aku ini. Terlihat estesthic utk mengambil gambar disini. Kalau pas ombak besar dtg ngeri juga... banyak fasilitas KM / Toilet. Banyak juga pedagang. Akses jalan juga oke, tempat utk parkir juga luas dan bnyk","Pantai Klayar Pacitan","5.0","Sri Handayani (Yani)","4 bulan lalu","2026-01-06T13:02:05Z"
"salah satu objek wisata favorit di pacitan

pemandangan dan suasana bagus dan cocok untuk liburan bersama keluarga

mohon untuk pemerintah setempat dan pengelola wisata lebih memperhatikan sarana, prasarana dan kebersihan pantai. supaya menjadi lebih nyaman lagi","Pantai Klayar Pacitan","5.0","fauzan firdaus","4 bulan lalu","2026-01-11T14:21:08Z"
"pantai a bgus, walaupun aku kesitu siang"" dan sangat panass. doiku rela nungguin aku make up 1 jam waktu sampe situ 😔
thx nopall","Pantai Klayar Pacitan","5.0","naritha astya r.","4 bulan lalu","2026-01-11T04:06:31Z"
"Pantainya bagus, pemandangan di bukitnya juga sangat bagus. Akses jalannya bisa dijangkau kendaraan roda 4 atau lebih.","Pantai Klayar Pacitan","5.0","Cempaka Siwi","6 bulan lalu","2025-11-04T12:59:03Z"
"Baru sekali kesini, tapi kesannya luarbiasa. Pantai yg begitu teduh tapi menyimpan misteri besar, layaknya pantai Selatan","Pantai Klayar Pacitan","5.0","Agus Sudharnoko","Diedit 4 bulan lalu","2025-12-17T13:59:51Z"
"kecewa sampai sana pantai nya sangat kotor ,
ditambah atv² yg mondar mandir di pesisir pantainya , kalau cuma dijalan gapapa , tapi nyatanya atv nya sampe turun ke pesisir pantai cukup sekali ini ke pantai klayar.","Pantai Klayar Pacitan","1.0","fry-free","4 bulan lalu","2026-01-16T10:49:46Z"
"Gilak sih, lewat dari estimasi. Kita perjalanan dari surabaya ke pacitan ini hampir 9 jam perjalnana (tanpa tol). Jauh pol, ngelewatin lembah dan jurang. Untuk masyarakat sekitar modelnya kurang aware sama turis. Kita ga pernah main kesini, di arahin ke tempat jurang banget dari maps. Seenggaknya mungkin ada kesadaran masyarakat bilang buat cegah jan lewat situ.

Keknya perjalanan kesini beneran nguji nyali. Off road banget! Bebatuan, jalan banyak bolong, beberapa kek ambles. Tikungannya kebanyakan ""V"" bukan ""U"" lagi. Bayangin aja, jalan bebatuan naik mobil, uda agak ambles ga rata gitu tetiba mesti nikung V ke atas pulak. Nanjak! Bukan main. Kalau ga jago ng drift keknya ga main kalo lewat sini.

Aku saranin lewat area JLS aja, agak oke. Walau jauhh. Masyaawoohh tabarakallah banget.

Untuk fasilitas standart. Makanan juga b aja, ga wah banget. Menu juga standar. Pantai? Panas ya wak. Tipe syahdu keknya ga terlalu. Keliatan tebing banget, hati hati juga lah ya.

Kalau di tanya worth it ngga sama perjalanan kesana? Menurutku ... kureng ya. Tapi balik selera. Gila aja, perjalanan jauh 9 jam padahal di estimasi 6 jam. Berangkat juga tengah malem. Taruhan nyawa nge drift deket jurang. Untuk tiket, kemarin lewat ga ada yang jaga loket, jadi bablas aja. Buat parkir keknya standart sih. Ga ikut bayar soalnya 🤣","Pantai Klayar Pacitan","3.0","Joo Imaduddine","9 bulan lalu","2025-07-31T12:04:02Z"
"Tidak terlalu ramai, banyak karang, ombaknya besar.","Pantai Klayar Pacitan","5.0","Darmawan Supriyanto","5 bulan lalu","2025-12-07T11:23:05Z"
"Pantainya cantik bersih fasilitas juga lengkap dari parkiran turun ke pantai bisa naik ojek 10rb bisa sewa atv juga toiletnya juga ada banyak gak kawatir antri, ada jasa foto juga hasilnya juga bagus","Pantai Klayar Pacitan","5.0","Marchelina Rosa","11 bulan lalu","2025-06-22T06:41:08Z"
"destinasi wisata pantai yang terkenal di Pacitan, Jawa Timur, dikenal karena keindahan alamnya yang menakjubkan dan menjadi spot selancar kelas dunia karena memiliki ombak yang menantang, yang tingginya bisa mencapai 4 meter.Pantai ini sering dijuluki sebagai ""Raja Ampatnya Jawa Timur"" karena adanya gugusan batu karang besar di tepi pantai.
Pantai ini menawarkan panorama yang memukau dengan pasir putih yang lembut, air laut berwarna biru kehijauan.
Akses jalan menuju pantai sudah mulus, meskipun di beberapa area mungkin masih sedikit sempit untuk akses mobil.
Fasilitas disekitar pantai sudah memadai : area parkir dekat bibir pantai, banyak warung makan, penginapan, kamar mandi, dan juga musholla.
HTM 15K/ orang, namun sekali masuk kita sudah termasuk akses ke pantai kasap karena lokasi yang berdekatan (HTM 5K/orang).
Semoga riview ini membantu, selamat mencoba dan be careful 🙂","Pantai Watu Karung","5.0","Ayda listianti","Diedit 4 bulan lalu","2026-01-07T01:21:29Z"
"Haaii sedikit bercerita yaa ..
Weekend lalu aku main2 k pantai watu karung ..
Seruu banget, cocok banget buat salah satu destinasi buat kalian yg mau liburan ke Pacitan ya gaes, karena d satu lokasi ini kalian bisa dapat 3 tempat wisata sekaligus yakni Pantai Watu Karung, Pantai Kasap dan Kali Cokel ini deketan semua dan sebelahan doang.

Tiket masukknya murah d bandrol cukup 15k aja peroang, ternyata ini sudah termasuk pantau watu karung (10k) dan pantai kasap (5k), kemarin aku 4 orang dewasa dan 2 balita cukup tp cuman d suruh bayar 60k doang 🥰

Untuk Pantai Watu karung pantai nya bersih, pantainya pasir putih, banyak pondokan yg jual makanan dan mainan anak, ada mushola dan toilet serta kamar bilas.
Btw toiletnya berbayar ya tp standar kok tenang aja.

Saat aku k sana cukup ramai karena weekend tp tetep nyaman aja sih buat healing, bisa main air d pinggiran pantai sambil ciblon atau koceh gitu tp gaboleh berenang k tengah yaa dan harus tetep hati2 walaupun kalian udah jago renang. Ombaknd pantai watu karung dan hampir semua pantai selatan terbilang cukup berbahaya.

Untuk pondokan makan harganya standar, dan aku pikir rasnya juga B aja, aku coba beli nasi goreng dan ternyata rasanya enak lohh, aku pesan nasgor seafood ini beneran enak !
Dan penyajiannya cepet, kalau minumannya standar yaa es kelapa muda ya seperti biasanya nothing special.

Untuk parkir d watu karung maupun pantai kasap d luar biaya masuk ya gaes jadi bayar sendiri terpisah, tarif nya juga standar.

D pantai watu karung banyak juga home stay nya loh buat kalian yg luar kotaan mau menginap.","Pantai Watu Karung","5.0","dhila irsanti","4 bulan lalu","2026-01-09T12:15:13Z"
"Liburan sekeluarga ke Pantai Watu Karung, Pacitan kemarin beneran di luar ekspektasi dan memuaskan banget! Ini pertama kalinya kami ke sini dan langsung jatuh cinta sama suasana pantainya yang tenang dengan pasir putih dan air laut yang jernih banget.

Kami menginap satu malam di resort persis di pinggir pantai, jadi bisa langsung denger suara ombak dan dapet view yang cakep banget begitu buka pintu. ​Gak cuma pantainya yang juara, pengalaman kulineran kami di sini juga mantap karena bisa puas makan seafood yang segar-segar banget dengan bumbu yang pas. Suasananya yang masih asri dan gak terlalu bising bikin quality time bareng keluarga jadi makin berkesan.

​Jujur, sekeluarga puas banget dan InsyaAllah kami pengen banget balik lagi ke sini suatu saat nanti. Buat kalian yang cari destinasi pantai yang tenang tapi fasilitasnya tetap oke, Watu Karung ini highly recommended!","Pantai Watu Karung","5.0","Ricky Zulfandi","4 bulan lalu","2026-01-07T07:02:01Z"
"Pantai kecil dengan pasir putih halus dan kasar.
Airnya hijau jernih dan ombaknya kalem saat kami berkunjung bulan november 2025. Pengen berenang tapi di sini dilarang berenang, kalau surfing malah boleh 😵

Banyak homestay murah under 600rb dan juga ada 2 hotel dengan rate di atas 1 juta. Saat weekday sepi, nyaris semua kosong sehingga bisa datang dadakan. Ga tau kalau week end...","Pantai Watu Karung","4.0","Meeoowwhhh","Diedit 6 bulan lalu","2025-11-13T11:50:13Z"
"Pantai Watukarung di Pacitan adalah destinasi wisata yang luar biasa! Berikut beberapa kelebihan yang membuat tempat ini istimewa:

- Keindahan Alam: Pantai ini memiliki hamparan pasir putih yang lembut dan air laut yang berwarna biru kehijauan. Deretan karang dan pepohonan hijau di sekitar pantai menambah keindahan pemandangan.

- Aktivitas Seru: Anda bisa melakukan berbagai aktivitas seperti surfing, berenang, memancing, dan berkemah. Pantai ini juga populer di kalangan peselancar karena ombaknya yang besar dan menantang.

- Fasilitas Lengkap: Terdapat fasilitas seperti warung makan, toilet, dan tempat parkir yang memadai. Anda juga bisa menyewa peralatan surfing dan diving di sekitar pantai.

- Suasana Tenang: Meskipun pantai ini populer, suasana di sini masih terasa tenang dan alami. Cocok untuk Anda yang ingin melepas penat dan menikmati keindahan alam.

- Harga Terjangkau: Tiket masuk ke pantai ini hanya Rp 5.000 per orang, dan parkir motor Rp 2.000 serta parkir mobil Rp 5.000.

Beberapa hal yang perlu diperhatikan:
- Akses Jalan: Jalan menuju pantai ini cukup sempit dan menanjak, jadi pastikan Anda berhati-hati saat berkendara.

- Keamanan: Selalu perhatikan keselamatan Anda saat melakukan aktivitas di pantai, terutama saat surfing dan berenang.

Dengan keindahan alamnya yang memukau dan berbagai aktivitas seru, Pantai Watukarung adalah destinasi yang wajib Anda kunjungi jika berada di Pacitan!

#pacitan #watukarung #pantaipacitan","Pantai Watu Karung","5.0","Fitrian","6 bulan lalu","2025-10-24T11:24:14Z"
"- bagus pantainya, pasir putih bersih
- HTM 10.000/orang include pantai kasap, watukarung, dan pantai cokel
- banyak homestay di sekitar pantai dan lokasinya dekat bgt, tinggal jalan kaki aja
- banyak warung makan seafood
- ombaknya pantai selatan ya gitu, besar. tidak boleh renang.
- sebelah kiri ada batu karang
- ga banyak orang, jadi enak","Pantai Watu Karung","5.0","Delta Safira","4 bulan lalu","2025-12-27T01:28:12Z"
"Tiket masuk untuk 2 orang sebesar 30k. Bersih dan indah pantainya. Ramai juga wisatawan kesini. Ada jasa photo dengan tarif 5k per photo. Akses jalan ke Pantai Watukarung yang cukup  ekstrem bagi pengendara mobil. Pastikan kondisi mobil benar-benar sehat.","Pantai Watu Karung","5.0","Edwin Herry Leksmana SA","3 bulan lalu","2026-02-16T06:03:25Z"
"Pantai nya bagus. Punya pesisir pasir putih yang cantik. Di pojok tebing juga ada batu-batu coral yang menarik. Harga makanan dan minuman di sini juga terjangkau. Es degan utuh cuma 13.000. Pesen mie ayam seporsi 10.000. Untuk tiket masuk pantai watu karung 10rb, pantai kasap 5rb (masuknya dikenai sepaket per orang jadi 15rb). Ini pantai termasuk ramah anak. Karena garis pantai dan pasirnya panjang. Ada banyak pilihan penginapan seperti homestay, guest house hingga resort. Hanya saja perjalanan ke sini lumayan jauh, meskipun jalannya cukup bagus. Tapi tanjakan dan tikungan lumayan tajam. Pastikan kondisi kendaraan bagus dan tubuh fit. Karena cukup melelahkan juga.","Pantai Watu Karung","5.0","Insani Miftahul Janah","5 bulan lalu","2025-12-19T23:22:06Z"
"Pantai nya bagus airnya bersih enak buat maen,pokoknya kg nyesel main pantai pantai yg ada d Pacitan, seharian kg kelar dah itu pantai d kelilingin","Pantai Watu Karung","5.0","sakura afsheen","Diedit 4 bulan lalu","2026-01-11T03:47:00Z"
"Pantainya bersih, banyak penginapan di sekitar. Masakan ikan bakar nya juga oke. Minusnya susah sinyal, tapi malah asik buat stress release tanpa sinyal hp. Kids friendly","Pantai Watu Karung","5.0","rama subyan","6 bulan lalu","2025-11-02T12:29:16Z"
"Bestttt bgt viewnya cocok untuk melamun.. o iya pantainya juga bersih minim sampah plastik.. semoga aja bisa berjelajah lagi di pantai daerah pacitan😇🙏","Pantai Watu Karung","5.0","ninda syafaatulasifah","4 bulan lalu","2025-12-27T03:13:55Z"
"Di Pantai watu karung susannya asri
Jalanannya sudah bagus untuk menuju pantai watu karung ini di sana juga tersedia kuliner seafood segar
Harga terjangkau
Tersedia kelpa muda utuhan yang mantap rasanya ...ombaknya tidak terlalu besar enak buat bersantai sambil bermain","Pantai Watu Karung","5.0","Yayuk Pramesti","4 bulan lalu","2026-01-09T12:00:18Z"
"Pantai Watu Karung! 🌊🏖️ Salah satu destinasi wisata alam yang populer di Jawa Timur, Indonesia. Pantai ini terletak di Desa Watu Karung, Kecamatan Pringkuku, Kabupaten Pacitan.

*Keindahan Alam*

- Pasir putih yang lembut dan luas
- Air laut jernih berwarna biru kehijauan
- Tebing-tebing karang yang eksotis
- Pemandangan sunset yang spektakuler 🌅

*Aktivitas*

- Berenang dan bermain air 🏊‍♀️
- Surfing dan snorkeling 🌊
- Berkemah dan menikmati keindahan alam 🏕️
- Memancing dan menikmati kuliner seafood 🍽️

*Fasilitas*

- Area parkir yang luas 🚗
- Warung makan dan penjual makanan khas Pacitan 🍴
- Toilet dan kamar mandi 🚽
- Mushola dan gazebo 🕌

Harga tiket masuk ke Pantai Watu Karung adalah sekitar Rp5.000 per orang, dan parkir motor Rp2.000, parkir mobil Rp5.000. Pantai ini buka 24 jam, sehingga Anda dapat mengunjungi kapan saja! 🌴

Pantai Watu Karung juga terkenal dengan ombaknya yang cocok untuk surfing, jadi jika kamu suka olahraga air, pantai ini wajib kamu kunjungi! 🌊","Pantai Watu Karung","5.0","Ridwan hasani","5 bulan lalu","2025-12-11T10:15:10Z"
"Main ke sini di sela-sela masa KKN di kecamatan sebelah. Pantainya luas, bersih juga. Agak kaget krn harga makanannya ga yg sejomplang itu kek tempat wisata pd umumnya which is sangat oke, good job! Biarpun waktu itu ke sana banyak warung yg tutup gatau knp. Pasir di pantai ini tebel bgt jd kalo jalan mayan berat, bisa maen air dikit-dikit cuman hati-hati krn selang bbrp menit ombak bisa berubah tambah gedhe. Mau sunset-an di sini jg oke banget mataharinya keliatan jelas.","Pantai Watu Karung","5.0","Ihsan Nur Ramadhani","8 bulan lalu","2025-09-01T01:49:00Z"
"Pantai nya buagusss pollll. Tapi kalau ke pantai watu karung jangan sampai ke ""warung mbak tyas"" pelayanan buruk. Tidak ada senyum sama sekali. Kita ke pantai butuh yang seger2 refresing, pesen es teh tapi dikasih es batu sangat dikit. waktu bayar sini bilang ""terima kasih"" tapi pelayannya diem aja. Mau cas hp juga di kenakan biaya 5rb wkwkwk. Padahal sini juga beli dagangannya tapi mau ngcas aja bayar. Pegawai yang layani prengat prengut (sesuai di foto yang saya sematkan). Pantas warungnya paling sepi diantara yang lain. Di google maps juga warungnya gaada lokasinya takut banyak yg review jelek😂","Pantai Watu Karung","3.0","Irlanda Desta","5 bulan lalu","2025-11-29T07:39:16Z"
"Indah di sekitar pantai banyak sekali warung jualan seafood dan kelapa muda.ombak besar jadi tidak di anjurkan buat berenang 🏊‍♀️ jg.","Pantai Watu Karung","5.0","Tati Suprianty","6 bulan lalu","2025-11-07T03:52:38Z"
"Pantai nya lumayan bersih ya,, untuk pengelola usahakan untuk melakukan bersih bersih sampah di area tepian pantai agar selalu bersih tidak ada sampah, fasilitas umumnya belum lengkap, seperti kamar mandi/bilas masih jarang, musholla jauh, untuk tempat makan ya lumayan pada umumnya,, untuk pemerintah silahkan di perbaiki jalan menuju pantai, supaya pengunjung nyaman dalam perjalanan","Pantai Watu Karung","5.0","Ngikut Tutorial","5 bulan lalu","2025-12-03T00:22:14Z"
"Pantai dengan ikon raja ampatnya pacitan. Area pintu masuk menyatu dengan pantai watu karung, masing2 di kenai tarif 10rb untuk orang dewasa dengan parkir di dalam area pantai nya 10rb. Akses menuju ke pantai kasap melewati kali cokel, disana kita bisa naik perahu untuk mengitari sekitar pantai kasap. Saya kesana selepas dari pantai watu karung sekitar jam 4, cocok sekali untuk menikmati senja di atas pantai kasap. Dari area parkir kita jalan dlu menuju pantai nya sekitar 300m. Kita bisa jalan ke sebelah kanan untuk menuju area spot foto diatas bukitnya sehingga pemandangan hamparan laut nya terlihat jelas. Untuk naik ke area spot foto nya dikenai tarif 5rb per org dewasa. Sebelum sampai ke spot foto nya disebelah kiri terdapat warung dengan view yang sangat indah sekali. Disana terdapat makanan dan minuman dengan harga terjangkau, kita bisa menikmati makanan dan minuman sambil melihat sunset. Untuk ke area atas nya kita bisa naik tangga untuk dapat foto yang cantik, dan dibatasi max 10 orang. Benar-benar indah sekali pemandangan dari atas.","Kasap Beach","5.0","Wita Sari","4 bulan lalu","2025-12-31T08:45:22Z"
"bagus. kalo mau sepi bisa Dateng pas pagi jam 6-10. siang hari udah mulai rame pengunjung. kalo mau foto"" better Dateng pagi (sunset). jalan mulus. untuk parkir minus banget come on ...

parkir motor di atas mana ga ditata, yang didepan gabisa mundur (pulang). yang belakang gamau ngisi tempat kosong di depan, yang baru Dateng bingung mau diparkir dimana !

tanjakan/turunan parkiran rawan jatoh apalagi pas ada yang mau parkir, tapi malah berenti di tanjakan !

semut mayan banyak best, kalo bawa jajan langsung dihabisin !","Kasap Beach","4.0","roam freely_","3 bulan lalu","2026-02-09T14:44:05Z"
"Haaii buat kalian yg berencana main2 k panai kasap harus tau ini  yaa biar ga high expectations sama pantai Kasap.

Tiket masuknya cukup 5k aja bestie dan ini udah include tiket watu karung 10k jadi sekali masuk 15k yaa, karna sekali lagi pantainini sebetulnya ya kek sebelahan gitu tp jelas view nya udah beda yaa gaes.

Pantai kasap sendiri dari parkiran perlu jalan masuk gitu yaa agak lumayan sekitar 400m gitu lah yaa, untuk kalian yg masu k spot selfie itu jalannya naik yaa gaes dan perlu menaiki tangga.
Untuk spot selfie ny pun ada tarif nya sediri tp murah kok cuman 5k aja kalian bisa foto sepuasnya dengan view yg mirip2 raja ampat gitu loohh 🥰
Kalian bisa foto sepuasnya tp lihat wisatawan yg lain juga yaa gaes kita gantian jadi yaa saling mengerti aja hehe

Buat kalian yg ga bawa kamera pingin foto yg proper bisa loh minta tolong mas2 yg jaga d sana, kalian bisa d foto sepasnyandg camera yg oke, file bisa d kirim k hp kalian dg tarif 5k aja buat tiap file foto yg kalian pilih, mantep ga tuh ..

jalan masuk gitu, untuk kalian yg masu k spot selfie itu jalannya naik yaa gaes dan perlu menaiki tangga.
Untuk spot selfie ny pun ada tarif nya sediri tp murah kok cuman 5k aja kalian bisa foto sepuasnya dengan view yg mirip2 raja ampat gitu loohh 🥰
Kalian bisa foto sepuasnya tp lihat wisatawan yg lain juga yaa gaes kita gantian jadi yaa saling mengerti aja hehe

Buat kalian yg ga bawa kamera pingin foto yg proper bisa loh minta tolong mas2 yg jaga d sana, kalian bisa d foto sepasnyandg camera yg oke, file bisa d kirim k hp kalian dg tarif 5k aja buat tiap file foto yg kalian pilih, mantep ga tuh ..

Intinya d pantai kasap ini lebih buat yg selfie2an foto ala2 gitu taa gaes, setelah dari kasap kalian bisa naik perahu d kali cokel barh k watu karung buat basah basahan d pantai ..

Pas weekend kemarin alhamdulillah ramai pengunjung baik wisatawan domestik dan ada juga dari luar.","Kasap Beach","5.0","dhila irsanti","4 bulan lalu","2026-01-09T12:30:54Z"
"Spot wajib kalau ke Pacitan. View pulau-pulau kecil dari atas bukitnya memang mirip Raja Ampat. Lokasinya jadi satu kawasan dengan Kali Cokel, jadi bisa sekalian susur sungai naik perahu dulu baru ke sini. HTM murah (sekitar 5-10rb), jalan kaki ke puncak sekitar 10 menit saja. Sebaiknya datang pagi atau sore supaya tidak terlalu terik. Akses jalan sudah bagus untuk motor/mobil. Tapi ke arah pantai nya hanya cukup untuk satu mobil, jadi harus bergantian jika papasan dengam mobil yang lawan arah.","Kasap Beach","5.0","Deni Saputro","4 bulan lalu","2026-01-04T15:23:11Z"
"Pantainya bersih dan sunyi dibanding pantai Klayar dan ombaknya jg lebih agak tenang, kami menginap 2hr dipantai Klayar hr pertama full di pantai klayar dan hr ke 2 kita full trip ke sungai maron dan pantai Kasap, next pantai2 dipacitan mau kita singahi lg bila ada waktu liburan bersama keluarga kecilku","Kasap Beach","5.0","Deden","3 bulan lalu","2026-02-02T06:27:14Z"
"Raja ampat versi mini sekali di jawa timur wkwkkwk kerenn betulll tempatnyaa!! track atau jalannya juga oke banget udah paving, sunset disini cakep banget sih, terus ada penginapan dan ada warung warung jadi aman aja kalau gabawa bekel wkwk bener bener nyamann kalo mau sekedar bengong ajaa di pinggir pantainya 🤏🏻","Kasap Beach","5.0","Rheza Jihan","3 bulan lalu","2026-02-18T07:04:12Z"
"tempatnya bagus bgt. indah sekaliii ma sya allah, aku happy bgt bisa jalan2 ke Pacitan. wlpn pegel jg dari Jogja ke Pacitan 😆 tp rasa capek selama perjalanan bs terbayarkan oleh pemandangan yg indah.","Kasap Beach","5.0","Ria Herlina Putri","3 bulan lalu","2026-02-16T14:58:24Z"
"Kesini pada libur nasional 25/12/2025 pantai gak begitu ramai cocok untuk saya yg gak begitu suka dengan wisata yang terlalu ramaiii, hanya saja pas kesana cuaca mendung mungkin kalau pas cuaca cerah akan tambah bagus viewnya, next time kalo ada waktu akan kesana lagi☺️","Kasap Beach","5.0","ninda syafaatulasifah","4 bulan lalu","2025-12-27T03:35:32Z"
"Update 28 Desember 2025
Kunjungan kedua bareng teman - teman, setelah perjalanan panjang dari Malang. Suasananya lebih ramai dan ombak besar karena pas jam air laut pasang (sekitar pukul 10-12 siang waktu setempat).
Namun, kami mengeksplor satu pantai tersembunyi yaitu Pantai Bercak yang berada di balik punggungan bukit kapur khas pantai selatan Jawa.
18 Oktober 2025
Kunjungan pertama juga sekaligus tadi ke Pantai Watukarung. Ini parkiran sekalian wisata perahuan Kali Cokel (sayang saya tidak sempat coba). Jalan kaki sekitar 10 menit melewati warung makan, tambak ikan, dan toilet. Pantainya tipikal pantai selatan Jawa yang ombak besar namun berpasir putih dan berbatu karang kapur. Saya hobi berenang atau menyelam dangkal (snorkeling), menemukan ceruk sedalam sekitar 2 meter yang cukuplah untuk berenang singkat sambil semi snorkeling melihat keindahan dasar laut .","Kasap Beach","5.0","Fauzan Rifqi Nugroho","Diedit 4 bulan lalu","2025-10-19T02:31:52Z"
"View pantai pasir putih cakep bangett, ini aku cuman sampe bawah ini, kalau mau jalan agak naik terus, di atas bisa lihat view kaya raja ampat, pasti tambah cakep lagi besstt","Kasap Beach","5.0","ItsnaAulia","6 bulan lalu","2025-11-07T05:19:41Z"
"Main ke kasap dapat bonus pantai bercak tinggal naik bukit dikit aja, wooosshhh kalau weekday udah kayak private beach","Kasap Beach","5.0","Anisa Leesta","3 bulan lalu","2026-01-28T04:25:47Z"
"Naik perahu dari kali cokel sampai ke laut pantai Kasap. Ombaknya besar. Terima kasih buat bapak supir perahu yang ramah dan membantu mengambilkan photo dan video. Pokoknya wajib bagi wisatawan yang ke Pringkuku Watukarung untuk ke kali cokel.","Kasap Beach","5.0","Edwin Herry Leksmana SA","3 bulan lalu","2026-02-17T12:14:46Z"
"Ini pantainya cakep pwolll, padahal kesana pas weekend tapi sepi. Emang Raja Ampat kw view nya gakalah cakeppp","Kasap Beach","5.0","Rina Pebi","4 bulan lalu","2026-01-22T07:59:49Z"
"Teluk yang indah, serta ombak yang menarik, ada berbagai spot foto yang indah dari atas bukit","Kasap Beach","5.0","Mahogra Daniswara","4 bulan lalu","2026-01-06T05:13:09Z"
"Datang kesini saat longweekend 5 september 2025, akses cukup mudah ditempuh menggunakan kendaraan roda 4, viewnya mantap, tiket masuk jadi satu dengan pantai watukarung, sangat disayangkan masih banyak punglinya, parkir menginap (camp) 40 ribu","Kasap Beach","4.0","Hananda Rizki","8 bulan lalu","2025-09-06T13:14:44Z"
"tiket 15k dpt sekalian sma watu karung, pantainya cukup bersih, kesini weekend tpi terbilang sepi, parkir 3k","Kasap Beach","5.0","losejjs","5 bulan lalu","2025-12-01T15:29:13Z"
"View nya emng sekeren ituu, gk nyesel tracking mayan jauh untuk smpe di spot inii","Kasap Beach","5.0","Pb. Dekorasi","2 bulan lalu","2026-02-24T10:55:16Z"
"Akses jalan mudah. Tiket masuk jadi satu dengan kali cokel. Garis pantainya panjang. Untuk melihat view seperti yang di raja ampat jarus menaiki bukit dan membayar 5 K / orang. Ada cafe yang menghadap pantai juga. Meski panas tapi ada pohon - pohonan di sekitar pantai sebagai peneduh. Toilet berbayar 2 rb. Parkir motor 3 K. Mobil 5 K.","Kasap Beach","4.0","Phiphi","9 bulan lalu","2025-08-22T03:27:53Z"
"Kunjungan 24 Desember 2025.
Kesannya tempat yang baik, menarik, lingkungan cukup ramah, orang orang sekitar juga sangat membantu.
Dari jalan besar utama, letaknya masuk ke dalam jalan kecil. Untuk kendaraan minibus bisa masuk. Tapi untuk kendaraan seperti bus, tersedia area parkir disebrangnya dan pengunjung ditawarkan ojek untuk menuju area pintu masuk goa, karena kalau jalan cukup jauh.
HTM dewasa 20.000, HTM anak 5.000.
Untuk parkir minibus 5.000 dibayar bersamaan dengan tiket. Jadi ketika dipintu masuk goa tidak ada bayar lagi. Dan parkir pun tak usah bayar lagi. Karena sudah bayar di pintu masuk utama.
Parkiran tersedia cukup, tidak terlalu luas. Musholla dan toilet sederhana juga ada di dekat parkiran.
Yang jual minum dan makanan juga banyak tersedia kios didekat parkiran.
Wisata goa ini kan treknya naik turun, sebaiknya tidak untuk pengguna kursi roda. Karena disana pun belum tersedia jalur khusus pengguna kursi roda. Gunakan alas kaki yang nyaman, tidak licin, karena didalam goa ada tetesan air dari stalaktit sehingga membuat genangan air dilantainya.
Perlu stamina yang kuat juga karena akan melewati jalanan yg panjang, naik, turun, dan udara yang panas ketika di dalam goa.
Dimulut goa banyak yang jual kipas tangan 5.000, kipas elektrik 35.000. Ada sewa senter 5.000, yang boleh dibayar ketika selesai tour didalam goa.
Ditawarkan juga jasa pemandu supaya bisa paham tentang sejarah, area, tata letak, makna dan jenis batuan didalam goa. Kalau menurut saya lebih baik gunakan jasa pemandu wisata, karena di dalam goa tidak ada keterangan apapun yang ditempel tentang area, jenis batu dan lain lain. Jadi, kunjungan kita tidak hanya melintas, tapi paham wisata dan sejarahnya.
Ada jasa foto juga kalau mau mengabadikan foto didalam goa. Fotonya bisa langsung di print, 20.000/foto.
Kondisi didalam goa sangat bagus, hati hati melangkah karena ada beberapa jalan yg kurang pencahayaan. Lampu warna warni juga tersedia banyak. Membuat takjub, koq ada ya stalaktit dan stalagmit yang seperti itu.
Kipas blower on, tp suasana masih tetap panas. Untungnya sudah sedia kipas tangan.
Boleh berhenti dimanapun kalau mau foto, lelah atau butuh istirahat, tapi tidak tersedia kursi khusus. Hanya bisa bersender dipagar atau duduk ditangga.
Setelah keluar dari goa, tidak langsung menuju parkiran. Tapi masih harus jalan lagi, cukup jauh dan berkelok melintasi pedagang souvenir dan oleh oleh.
Over all.. bagi kami memuaskan. Anak anak senang, tidak kelelahan. Kalau pun ada hal yang tidak baik ataupun perlu perbaikan, alangkah lebih baik disampaikan pada pengelola atau pihak yang terkait. Agar ke depannya lebih baik lagi dalam segala hal. Untuk pariwisata Indonesia yang lebih terkenal.
Ada yang bisa tunjukkan dimana letak batuan yang bunyinya seperti gong?
Ayo berkunjung dan hilangkan rasa penasarannya.
Terimakasih ❤️","Goa Gong","5.0","ARIANTY","Diedit 4 bulan lalu","2025-12-26T09:19:42Z"
"Menuju goa gong dr kota jalan meleok"" n naik turun tp aspal halus aman utk semua mobil
Harga masuk tiket dewasa 20k, anak 5k, parkir mobil belok kiri naik pas depan pintu kluar goa tp parkiran sempit hanya utk mqx 20an mobil aja
Goanya panjang naik turun, masyaAllah ciptaan Tuhan yg luar biasa
Didepan pintu masuk banyak penyewa kipas n senter, sy pikir sih ga perlu krn di dalam goa sudah ada blower"" dan lampu""
Jalanya basah becek dan tetesan"" air dr atas goa . Tp memberikan kenangan yg luar biasa
Sebelum sampai goa ada jembatan cantik buat foto""
Kluar goa keringetan krn jalanya lumayan","Goa Gong","5.0","eL GiGa","4 bulan lalu","2025-12-29T06:28:46Z"
"Selain terkenal dengan pantai di Pacitan juga banyak wisata goa loh, salah satunya ini.

Goa nya cukup besar dan cukup dalam. Kalo sesuai dengan peta yg saya baca, panjang goa dari mulut sampe ujungnya sekitar 200 meter dengan kedalaman 30 meter. Karena cukup dalam jadi disarankan memiliki badan yg fit karena kamu akan menyusuri banyak sekali anak tangga, bahkan dari parkiran pun harus naik anak tangga terlebih dahulu. Tenang jika lupa bawa air di sini banyak warung.","Goa Gong","5.0","Akip Tsaqif","3 bulan lalu","2026-01-24T11:14:51Z"
"Tempat yang bagus untuk wisata edukasi. Wisata yg terjangkau dengan tiket masuk Rp 20.000 per orang dan parkir motor Rp 2.000. Untuk tempat wisata ini naik turun tangga dan kondisi gelap, hati hati saat melangkah untuk anak2 dan orang tua yang mengunjungi. Disarankan sewa senter harga Rp 5.000, krn menurut saya senter HP belum bisa membantu penerangan untuk berjalan atau melihat batu. Bisa juga memakai pemandu lokal Rp 30.000 untuk mendapat informasi lebih. Saat masuk ada tukang foto yang mengikuti, bila tidak bersedia langsung diinfo saja, bila bersedia akan dibantu foto pakai kamera juga bisa minta tolong pakai HP kita. Untuk foto kamera yg dicetak per lembar Rp 20.000. Saat keluar banyak penjual oleh oleh snack dan aksesoris dengan harga terjangkau. Ada aneka snack Rp 10.000 untuk 3 macam keripik. Aksesoris harga start Rp 10.000.","Goa Gong","5.0","Rahma Sari","4 bulan lalu","2025-12-28T06:47:55Z"
"Hari Jumat 14 November kesana dengan keluarga, sepiiiii bannget. Beririingan dengan kammi hanya ada 2 orang lain.
Goanya indah sekali, masya Allah.
Luar biasa ciptaan Tuhan YME.

Awalnya batu kapur... menjadi batu karang super keras. Ketetesan air terus akhirnya jd marmer.

Fasilitas penunjang perlu diperbaiki dan diperbagus. At least buatlah bersih, wahai para abdi negara yg dibayar oleh rakyat untuk mengurus fasilitas negara.

Sepanjang jalan keluar ada pedagang suvenir. Belilah gelang/kalung/cincin dari batu permata asli berwarna-warni buatan warga setempat. Murah dan bisa ditawar.","Goa Gong","5.0","Meeoowwhhh","6 bulan lalu","2025-11-15T14:05:10Z"
"Salah satu goa yang berukuran cukup besar yang ada di Pacitan, dengan harga tiket 20.000/orang, sewa senter 5.000, sewa guide 30.000. Jaraknya lumayan cukup jauh dari parkiran, melewati beberapa tingkat anak tangga dan jembatan. Di dalam goa, terdapat beberapa pencahayaan pada stalaktit dan stalakmitnya. Lightningnya berwarna warni spt ungu, hijau, merah yang menurut saya malah mengurangi kesan kemegahan dari goa nya.  Penerangan hanya beberapa sisanya cukup gelap, hati-hati dalam melewatinya, meski pun ada ramp besi untuk berpegangan di kanan-kiri tp medan cukup licin. Stalaktit dan stalakmitnya cukup indah dan megah, ukuran goa juga cukup besar dengan beberapa jalur yang curam. Agak susah untuk berfoto di dalam goa karena penerangan yg minim. Untuk perjalanan pulang berbeda dengan awal berangkat. Untuk jalur kepulangan jalur lebih landai dan ramai dengan penjual souvenir dan jajanan hingga akhirnya nanti tembus di pasar dekat parkir mobil","Goa Gong","4.0","Prima D. P","4 bulan lalu","2026-01-02T02:31:37Z"
"Yg saya sayangkan adalah, penempatan penerangan artificial justru mengganggu keindahan stalagtit dan stalakmit itu sendiri.
Yg mau datang kesini jgn terlalu sore, jam 16.00 jam kunjungan di tutup n bawa senter ya.
Tiket masuk sangat terjangkau dan tiket parkir pun sangat murah Rp 5rb/mobil.","Goa Gong","3.0","ahmad hulaimy","4 bulan lalu","2025-12-26T04:31:17Z"
"Goanya besar sekali dan indah dengan lampu warn warni kesanya agak menyeramkan. Menuju ke lokasi mudah dan ada tempat parkir.banyak warung2 berjualan makanan dan minuman dan oleh2 khas pacitan.","Goa Gong","5.0","Tati Suprianty","6 bulan lalu","2025-11-06T03:14:25Z"
"Seneng banget bisa ke sini pas hari biasa, jadi sepi pengunjung. Karena masuk ke dalam Goa Gongnya cukup bikin sesak napas, jadi gak kebayang deh kalau berkunjung pas lagi ramai😂

Goanya indah banget, ditambah lampu-lampu yang ada bikin makin cantik. Makasih banget buat ibu pemandu yang udah guiding saya dan suami. Biaya pemandu juga murah cuma 30 ribu, ditambah sewa senter 5 ribu. Recommended untuk dikunjungi.","Goa Gong","5.0","Saskia Ratry Arsiwie","7 bulan lalu","2025-09-29T15:11:54Z"
"Goa yg sangat indah dan estetik,
Stalagtit dan stalagmit sangat sangat bagus.
Tetapi dibutuhkan stamina buat masuk kedalam, krn turunan dan jalan naek yg lumayan curam, tapi sdh tdk sulit krn sdh dibikin tangga2","Goa Gong","5.0","Indah lestari Ningsih","5 bulan lalu","2025-12-02T02:47:25Z"
"kecewa di tukang fotonya sih,perlembar 20 rb sedangkan untuk cetakan itu tanpa nanya dulu ke kita mau foto yang dimana.total yang di cetak  10 lembar.yang jadi masalah kualitas hasilnya itu kurang memuaskan untuk harga segitu.
untuk kalian yang mau kesini opiniku gausa sewa guide,gausa sewa senter,dan gausa jasa foto.over all untuk yang lainnya bagus dan memuaskan.jajanan serta oleh-oleh terbilang murah","Goa Gong","2.0","prasetya eka","4 bulan lalu","2026-01-18T07:56:25Z"
"Salah satu keajaiban alam yg luar biasa... Amazing

Sebelum masuk disambut oleh orang2 yg menawarkan jasa menyewakan lampu 5.000 dan pemandu wisata 30.000, tidak wajib Lo... Ada juga yg menjual kipas

Saat masuk takjub dengan batuan stalaktit dan stalakmit yg tercipta di 7 ruang... Pokoknya wow

Kekurangannya... Kipas banyak yg mati, padahal pengunjung sedikit, udara terasa panas sekali.

Klo yg ini saya kurang paham... Kenapa ya kok dibuat gelap? Apakah mungkin supaya terkesan alami? Klo saya kok lebih suka dibuat terang ya supaya lebih terlihat... Tapi ini pendapat saya pribadi lo","Goa Gong","4.0","Denny","5 bulan lalu","2025-12-21T00:23:22Z"
"Indah sekali guanya, banyak stalagtit dan stalakmit yang masih aktif disana, ada beberapa mata air aktif juga, untuk masuk disewakan senter dan jasa foto serta pemandu.. sedikit tips Kalau sewa jasa foto anda akan didampingi selama didalam (seperti dipandu) jadi ngga perlu sewa pemandu khusus.. nanti difoto hasilnya bisa diambil diluar plus filenya Dikasih.. jajanan murah2, kerajinan juga murah2 banget.. jauh lebih murah dari sekitaran Jogja","Goa Gong","5.0","Agustinus Agung","4 bulan lalu","2026-01-09T05:22:59Z"
"Pelayanannya ramah. Objeknya bagus. Perlu dipikirkan perbaikan pd bbrp fasilitas yg mulai rusak dan nambahan fasilitas agar ramah pada temen² difabe. Nuwunl","Goa Gong","4.0","muhammad taqiyyuddin","2 bulan lalu","2026-02-28T05:14:27Z"
"Bagus.tapi bikin capek naik turun tangga yg sempit.harus hati2 jalan licin.harus bawa senter","Goa Gong","4.0","sailormoon nia","4 bulan lalu","2026-01-12T07:34:48Z"
"Gua nya cantik, ini kali ke 2 ke sini ajak keluarga besar. Tangganya udah ada yaa di dalam. Kalo mau pake tour guide juga ada beberapa yang menawarkan di pintu masuknya. Jadi better kalo mau tau sejarahnya sekalian pake tour guide. Nah kalo ajak orang tua, misal orang tuanya udah ""sepuh banget"" nunggu di luar aja.. alhamduliah ini bapak mertua sih kuat dan seneng karena baru pertama kali ke sini.","Goa Gong","5.0","santika","5 bulan lalu","2025-12-09T06:46:35Z"
"ini guanya masih asri banget si, masih netes air batuannya, saran kalo kesini kondisi badan kudu fit sama pake baju tipis nyaman dan menyerap keringat, jangan lupa pake deodorant juga, didalem itu pengap sumuk keringetan dan naik turun jadi perhatikan kondisi dan bau badan anda
ganyeselk jauh2 kesini","Goa Gong","5.0","umi arbiati","4 bulan lalu","2025-12-30T11:08:08Z"
"Gua Gong terletak di pacitan ... Tempat gua gong ternyata berada d seberang jalan dari tempat parkiran bus. D parkiran anda akan d tawari ojek motor dengan harga 5 ribu. Namun jika ingin berjalan kaki pun sebenarnya tidak terlalu jauh. Setelah turun dari gua gong anda akan d suguhi pasar batu, oleh² yang menurut saya cukup lengkap. Mulai oleh oleh makanan, baju², aksesoris batu dengan harga terjangkau.","Goa Gong","5.0","Anisa Anggun","5 bulan lalu","2025-12-02T11:04:30Z"
"Wisata Sungai Maroon seru banget buat cari suasana alam yang beda. Airnya tenang dengan warna khas yang unik, view-nya cantik dan fotogenik. Cocok buat santai, foto-foto, atau sekadar menikmati udara segar.
Aksesnya lumayan mudah, area cukup terawat, dan suasananya masih alami. Datang pagi atau sore lebih enak karena nggak terlalu panas.
Overall pengalaman yang menyenangkan, worth it buat dikunjungi kalau lagi pengen short escape dari rutinitas. 🌿📸","Maron River Pacitan","5.0","M Pratama","3 bulan lalu","2026-02-17T03:14:30Z"
"Tempat yang sangat menarik untuk dikunjungi. Sayang dari dini hari sampai siang hari kondisi hujan. Naik perahu tiket 100k untuk perjalanan pergi-pulang. Untuk waktunya +/- 40 menit. Jalan menuju ke lokasi wisata sebagian besar sudah diaspal, meski ada beberapa titik yang kondisi rusak.","Maron River Pacitan","5.0","Edwin Herry Leksmana SA","Diedit 3 bulan lalu","2026-02-16T03:30:05Z"
"Sungai Maron adalah destinasi wisata alam populer yang terletak di Pacitan, Jawa Timur, sering dijuluki sebagai ""Amazon-nya Pacitan"" atau ""Green Canyon Pacitan"" karena pemandangannya yang eksotis.
Sungai ini mengalir hingga bermuara di Pantai Ngiroboyo.
Bagi wisatawan yang ingin kesana, disarankan untuk memakai motor / mobil yang dalam keadaan Vit. Meskipun jalannya mulus, namun banyak tikungan, tanjakan dan turunan yang tajam.
HTM nya 5K/orang, biaya sewa perahu dihitung per perahu (bukan per orang), yaitu 100K max 3 orang dengan jarak tempuh kurang lebih 8 km PP.
Guide yang ramah, bisa bantu buat fotoin kita, dan pemandangan yang indah sepanjang sungai membuat sungai Maron ini recommended buat dicoba ✅","Maron River Pacitan","5.0","Ayda listianti","4 bulan lalu","2026-01-07T01:02:21Z"
"Kesana waktu libur natal dan tahun baru kemarin...
Pas malam nya hujan deras.. jd sungai warna coklat.. arus air lumayan kencang...

Harga 100rb per perahu
Bapak2 komunikatif sekali...
Walau ramae tp ttp cepet .. karna prahunya banyak

Semoga bisa ke sana lagi
Oh iya makanan dan minuman harga terjangkau","Maron River Pacitan","4.0","lina al","4 bulan lalu","2026-01-11T02:53:18Z"
"Seru traveling kelokasi ini, cuman sayangnya saya kesini pas hujan sdh 2hr dan dr semalaman nga berenti2 sehingga warna air sungainya jadi coklat dan keruh, tp Alhamdulillah ada spot sungai yg masih berwarna hijaunya dan tempatnya agak tersembunyi utk bpk yg bawa perahunya mau diajak ke area tsb. Dan yg terpenting bisa nyenengin istri dan anak. Smoga next bisa kesini lg dgn suasana air sungai Maronnya yg terkenal berwarna hijau yg bening","Maron River Pacitan","5.0","Deden","3 bulan lalu","2026-02-02T05:11:26Z"
"Sungainya bersih dan tenang...bagus utk acara susur sungai. Naik kapal utk 4 orang . Per kapal 100 rb. Selama 1 jam lebih. Seru dan mengasyikkan 😉","Maron River Pacitan","5.0","Sawitri Hidayati","3 bulan lalu","2026-02-09T11:03:02Z"
"Wisata susur sungai yang asik, nyantai, sama adem. Harga sewa per perahu relatif terjangkau buat track yang lumayan panjang. Waktu dateng ke sana langsung naik, ga pake antri. Ada fasilitas pelampung juga buat keamanan. Pengalaman ke sana jujur puas. Cuacanya cerah jadi airnya lumayan jernih.
Kalo ada masukan mungkin buat prasarana. Kamar mandi bisa dibuat lebih bersih sama terang. Warung makan juga bisa lebih rapi lagi. Tapi overall puas main di sini","Maron River Pacitan","5.0","Atikah Nur Putranto","4 bulan lalu","2026-01-02T23:05:23Z"
"- HTM 5000/orang
- aktivitasnya cuman naik kapal trus ngikutin aliran sungai ke laut. tapi kapalnya ga sampe laut yaa
- pakai rompi pelampung
- 1 kapal isi max 5 orang
- perjalanan ±30 menit
- ada oleh2 khas seperti minyak kelapa, blondo kelapa, gula kelapa, gula aren, dan buah kelapa.","Maron River Pacitan","4.0","Delta Safira","4 bulan lalu","2025-12-27T01:37:31Z"
"Kesana oas musim hujan, jadi airnya kecoklatan tdk hijau spt musim kemarau. Naek perahu dg @ 25 k, lumayan lama sekitar 30-45 mnt an,cukup menyegarkan dg pemandangan pohon kelapa yg hijau disekitaran sungai,","Maron River Pacitan","5.0","Indah lestari Ningsih","5 bulan lalu","2025-12-02T03:00:55Z"
"Ke sini untuk kedua kalinya, dulu pas masih SMP wkwk sekarang udah SMP plus2 20 tahun 🤣 tempatnya masih indah.. 100k buat sewa kapal bisa untuk 4 orang (kalo ga salah inget) kemarin ke sana pas libur lebaran 2025. Aku kira bakal ruame banget, tapi ternyata masih ok.. semoga makin terkenal tempat2 wisata pacitan. Oyaaa rekomendasi ke sana siang hari meski panas2 tapi langitnya biru. Aku ke sana terlalu sore jadi ga dapet biru banget langitnya","Maron River Pacitan","5.0","santika","5 bulan lalu","2025-12-09T06:50:48Z"
"Sungai Maron adalah salah satu destinasi wisata alam yang sangat populer di Pacitan, Jawa Timur, yang sering dijuluki sebagai ""Amazon-nya Jawa Timur"" atau ""Green Canyon Pacitan"" karena keindahannya.
​Berikut adalah informasi lengkap tentang Sungai Maron:
​Daya Tarik Utama
​Susur Sungai Ala Amazon: Aktivitas utama di sini adalah menyusuri sungai sejauh sekitar 4,5 kilometer menggunakan perahu kayu bermesin. Perjalanan ini memakan waktu sekitar 45 menit hingga satu jam pulang-pergi.
​Pemandangan Alam yang Eksotis: Sepanjang perjalanan, Anda akan disuguhi panorama hutan tropis yang rimbun, pohon kelapa di sepanjang tepian sungai, dan air sungai yang sangat jernih berwarna biru kehijauan. Suasananya sejuk dan asri.
​Berujung di Pantai: Aliran Sungai Maron bermuara langsung di Pantai Ngiroboyo. Wisatawan biasanya bisa turun sejenak untuk menikmati pantai sebelum kembali ke dermaga.
​Spot Foto Instagramable: Terdapat ayunan yang diikatkan di batang pohon besar di tepi sungai, menjadi salah satu spot foto favorit bagi wisatawan.
​Lokasi dan Rute
​Lokasi: Sungai Maron berlokasi di Dusun Maron, Desa Dersono, Kecamatan Pringkuku, Kabupaten Pacitan, Jawa Timur.
​Jarak: Sekitar 24-40 kilometer dari Alun-Alun Kota Pacitan, dengan estimasi waktu perjalanan sekitar 50 menit.
​Informasi Praktis","Maron River Pacitan","5.0","YAN AJI","6 bulan lalu","2025-10-26T12:30:39Z"
"Sungai yang lebar serta waktu tempuh(naik perahu) yang terbilang cukup/pas sesuai keinginan. Pemandangan yang asri dikelilingi pohon dan bukit. Ombak sungai yang tidak terlalu bergejolak, serta air yang jernih","Maron River Pacitan","5.0","Mahogra Daniswara","4 bulan lalu","2026-01-06T04:58:46Z"
"Awalnya iseng² lihat gmaps wisata yang dekat dari desa orangtua, ketemulah sungai maron. Wisata perahu memberikan Pengalaman yang menyenangkan buat keluarga terutama anak². Pemandangan yang indah, juga sisi keamanannya begitu diperhatikan.","Maron River Pacitan","5.0","Agung Prasetyo","4 bulan lalu","2026-01-06T08:24:14Z"
"Wisata Sungai Maron Pacitan benar-benar kasih pengalaman yang berkesan. Pemandangan sepanjang sungai indah banget, suasananya adem, tenang, dan cocok buat santai. Susur sungainya terasa nyantai dengan jalur yang cukup panjang, apalagi saat cuaca cerah airnya terlihat cukup jernih.

Biaya masuk terbilang terjangkau. Tiket masuk wisata IDR 10.000 per orang, lalu sewa perahu IDR 100.000 per kapal. Setiap perahu sudah dilengkapi pelampung, jadi cukup aman. Saat datang juga bisa langsung naik tanpa antre panjang.

Catatan kecilnya ada di bagian pengelolaan. Area parkir masih terbatas, lalu belum ada alur antrean yang jelas untuk pembelian tiket dan pengambilan pelampung, jadi terkesan semrawut. Fasilitas pendukung seperti kamar mandi bisa dibuat lebih bersih dan terang, dan warung makan akan lebih nyaman kalau ditata lebih rapi.","Maron River Pacitan","5.0","Don T. Beakunt","4 bulan lalu","2026-01-12T03:35:35Z"
"baguss bangett, jalannya juga mudah diakses, airnya jernih, viewnyaa cantikkk bgttt, tahun baru kemaren kesana sama cowo aku, guide nya juga ramah, bonus pinter ngefotoin wkwk🥰","Maron River Pacitan","5.0","Helen Natalia","3 bulan lalu","2026-01-31T03:07:10Z"
"kesini krna nyari tempat wisata yg deket pantai klayar,asli klo siang ini panas bgt,mau naik perahu harus antri,next time mau kesini cobain naik perahu","Maron River Pacitan","5.0","Silvi indriyani","3 bulan lalu","2026-02-02T07:09:06Z"
"Aaaaaa bikin candu sungai ini..suka banget.

Pokoknya jangan sampai dilewatkan ya untuk visit disini.
Oh ya untuk sewa perahunya hanya 100rb aja bisa dinaikin sampai 4org. Ada sewa topi juga hanya 5rb. Pelampung juga disediakan kok. Muraaaahkan..

Toilet bersih.
Untuk warung ada kok.","Maron River Pacitan","5.0","Iim Imah","8 bulan lalu","2025-08-29T11:33:57Z"
"mungkin krn datang pas musim hujan warna air nya cukup keruh, trek nya tidak sampai laut tidak seperti kali cokel, kapal menggunakan tenaga gas elpigi jadi tidak sekencang yg pakai mesin kapal beneran, sempet macet juga sebentar krn kendala lpg nya yg entah kenapa","Maron River Pacitan","5.0","Frans de Putra","5 bulan lalu","2025-12-08T03:27:35Z"
"Tempat yg aman bagi kapal2 nelayan untuk berlindung dari ganasnya badai laut selatan,apalagi di bulan Desember seperti ini","Tlk. Pacitan","5.0","Muhammad Rauhi","3 tahun lalu","2022-12-28T03:51:19Z"
"Kabupaten pacitan salah satu destinasti
Keluarga yg paling enak berbagai mcm pantainya yg indah goa goanya yg menawan.benr bnr ok tpi sayang pemerintah setempt kurang memperhatikan sarana dan prasarana seperti angkutan umum yg sangt susah.padahal klo di luhat dri infrastrukturnya sangt memadai jln jln ke ds pun sudah di aspal","Tlk. Pacitan","5.0","aris ahmad manaf","4 tahun lalu","2021-10-16T07:55:18Z"
"Teluk Pacitan, salah satu teluk di Kabupaten Pacitan-Jawa Timur. Pada garis pantainya yang membentang berderet pantai nan eksotik: Pantai Tamperan, Pantai Teleng Ria, Pantai Pancer, dan Pantai Delon.","Tlk. Pacitan","5.0","3 3","8 tahun lalu","2017-06-25T06:10:22Z"
"Tempat nyaman untuk berbuka puasa.
Seandainya bisa menjadi lebih bersih","Tlk. Pacitan","4.0","Rochmad Wengker Kidul","8 tahun lalu","2017-06-17T20:48:21Z"
"Pantai untuk selancar dgn ombak yg menantang","Tlk. Pacitan","5.0","wahyu eko","7 tahun lalu","2018-10-18T19:02:07Z"
"Daerah tujuan wisata laut","Tlk. Pacitan","4.0","Denrekso69","7 tahun lalu","2018-09-29T14:42:52Z"
"Bagus. Untuk refresing keluarga","Tlk. Pacitan","5.0","Agus Suud","8 tahun lalu","2017-06-28T02:03:24Z"
"👍👍👍","Tlk. Pacitan","5.0","Htf Group","Diedit 8 tahun lalu","2018-02-14T12:45:45Z"
"Liburan kesini aja","Tlk. Pacitan","5.0","bagus yani","7 tahun lalu","2018-11-08T13:16:23Z"
"Nice view 👍","Tlk. Pacitan","5.0","Herning Sinta Widhi Wijayanti","6 tahun lalu","2019-09-15T15:39:31Z"
"ok","Tlk. Pacitan","5.0","blegoh rolis","7 tahun lalu","2019-03-16T13:52:38Z"
"Nice","Tlk. Pacitan","4.0","reca pratama","8 tahun lalu","2018-05-03T13:10:04Z"
"","Tlk. Pacitan","5.0","Yudhie Cikal","sebulan lalu","2026-04-16T23:53:29Z"
"","Tlk. Pacitan","5.0","Reni Shofianti","2 tahun lalu","2023-05-25T06:13:37Z"
"","Tlk. Pacitan","1.0","Zhaki Saputra","3 tahun lalu","2023-01-29T21:51:10Z"
"","Tlk. Pacitan","5.0","adhie arnidhie","4 tahun lalu","2021-12-28T16:37:00Z"
"","Tlk. Pacitan","1.0","Dl Trans","5 tahun lalu","2020-09-06T05:49:57Z"
"","Tlk. Pacitan","5.0","elang samudera77 chanel","5 tahun lalu","2020-07-24T07:10:14Z"
"Bagus + Dingin","Wisata Air Terjun Tretes","5.0","Raffa sec","15 jam lalu","2026-05-22T23:13:24Z"
"Keren cocok buat hiking dan adventure bike","Wisata Air Terjun Tretes","5.0","Murtadho Ali","5 hari lalu","2026-05-18T11:23:17Z"
"sangat bagus, untuk parkir agak jauhan dari lokasi air terjun, agar bisa menikmati keindahan alam sekitarnya","Wisata Air Terjun Tretes","5.0","Eka Puji Ramadhan","seminggu lalu","2026-05-11T11:11:05Z"
"Masih alami seger,
Ini tempat wisata milik pribadi jd mungkin perkembanganya kurang pendukung, tp moga ada banyak pengunjung biar bisa berkembang","Wisata Air Terjun Tretes","5.0","Agus Sy","2 minggu lalu","2026-05-05T09:42:09Z"
"Kesini beberapa waktu lalu untuk mencapai air terjun tidak terlalu jauh selama berjalan di jalan setapak akan dimanjakan dengan pemandangan yang cantik dari tebing tebing pohon pohon hutan dan hamparan rumput perbukitan melewati beberapa anak sungai yg sangat kecil first time ke sini dan pengalaman yg memuaskan walau","Wisata Air Terjun Tretes","5.0","Mokacinocit","3 minggu lalu","2026-04-26T00:27:23Z"
"jalannya landai bgt bgt, trus viewnya bagusss pollll","Wisata Air Terjun Tretes","5.0","Nayvira","sebulan lalu","2026-04-23T12:45:48Z"
"Air terjun dlundung trawas jalan kaki dari parkiran ke air terjun hanya 2 menit","Wisata Air Terjun Tretes","1.0","Ndre Andre","sebulan lalu","2026-04-13T23:11:30Z"
"Seru pol jalannya landai bocil2 aman kalo mau kesana jangan lupa bawa bekal","Wisata Air Terjun Tretes","5.0","Linda Sekar","sebulan lalu","2026-03-29T05:26:29Z"
"Keren....bgtttt..... Jalan dari parkiran bawah ke.atas membutuhkan waktu sekitar 1,5jam
Hati biasa banyak pengunjung juga,banyak tempat istirahat,petugasnya ramah poll..hati hati ada pacetnya..
Pengalaman yg menyenangkan bareng mereka
Ingat ya musim hujan hati hati rawan longsor..","Wisata Air Terjun Tretes","5.0","Nola Channel","2 bulan lalu","2026-03-15T14:37:58Z"
"","Wisata Air Terjun Tretes","5.0","bagus sasraguna","10 jam lalu","2026-05-23T04:13:24Z"
"","Wisata Air Terjun Tretes","5.0","izaa","15 jam lalu","2026-05-22T22:51:55Z"
"","Wisata Air Terjun Tretes","5.0","Gagas Bagaskara","3 hari lalu","2026-05-20T08:43:19Z"
"pokok joss 👍","Wisata Air Terjun Tretes","5.0","Nizam Zulfikar","2 minggu lalu","2026-05-08T17:34:35Z"
"","Wisata Air Terjun Tretes","5.0","TI A_007_ABBI MAULANHA MALIK","2 minggu lalu","2026-05-07T06:19:12Z"
"","Wisata Air Terjun Tretes","5.0","Yogi agustinus","sebulan lalu","2026-04-18T13:11:38Z"
"","Wisata Air Terjun Tretes","5.0","Tri Mulyono","sebulan lalu","2026-04-10T03:46:31Z"
"","Wisata Air Terjun Tretes","1.0","Wa Wa","sebulan lalu","2026-04-08T11:56:54Z"
"","Wisata Air Terjun Tretes","5.0","Yann pww","sebulan lalu","2026-04-04T04:40:03Z"
"Pertama masuk pacitan sayang sekali kalau kamu tidak singgah di Pantai ini. Meskipun pacitan punya banyak Pantai, Pantai soge ini adalah Pantai yang paling mudah dijangkau. Akses mobil juga mudah. Sayangnya, ombak di Pantai soge besar, jadi kamu jangan berenang di Pantai ini ya...

Cek keseruan Syalala selama di pacitan, jangan lupa kepoin channel youtube jalan jalan Syalala Entertainment ya... 😉","Pantai Soge Pacitan","5.0","Dian Afriani","3 bulan lalu","2026-02-07T00:27:17Z"
"Baguuuussss
Pantai nya bersih
Tp ombak e gede wkwk
Wisata tadabur alam ga cocok buat kecek
Uda ga penasaran lagi sama soge","Pantai Soge Pacitan","5.0","Rizki Oryza","5 bulan lalu","2025-11-30T23:27:00Z"
"Salah satu pantai yang kami datangi ketika liburan k Pacitan kemarin. Pantai nya bersih sekali. Pasir warna putih. Namun sayang tidak begitu ramai d kunjungi wisatawan. Untuk fasilitas juga kurang terawat dan tidak lengkap. Hanya ada beberapa sedikit warung menjual snack. Jadi jika kalian k sini jangan lupa bawa snack atau bawa makanan daru rumah. Tidak ada penyewaan karpet jadi bisa membawa karpet dari rumah.","Pantai Soge Pacitan","3.0","Nurinnafiahh","4 bulan lalu","2025-12-29T11:02:55Z"
"Pantai yang bagus, bersih dan murah. 2 orang dan motor harga tiket Rp 10.000.","Pantai Soge Pacitan","5.0","Rahma Sari","4 bulan lalu","2025-12-28T09:04:04Z"
"Menelusuri kota Pacitan dan menemukan pantai soge dan jembatan biru di era presiden SBY","Pantai Soge Pacitan","5.0","Tut Sagita","2 bulan lalu","2026-03-06T12:17:55Z"
"Salah satu pantai terindah yang pernah saya datangi. Sabtu siang menjelang sore, pengunjung tidak ramai. Saya ngobrol dengan salah satu pemilik warung yang ramah dan informatif, dan bahkan saya diberi password wifi pantai ini. Dari beliau saya tahu bahwa berkemah di sini ternyata nyaman dan menyenangkan. Ada toilet, musholla, warung 24 jam.
Biaya masuk per orang seingat saya 15 ribu rupiah. Cukup terjangkau. Pengunjung diharap waspada kalau bermain air laut karena ombak dan arus cukup besar.","Pantai Soge Pacitan","5.0","Helmy Hakim","7 bulan lalu","2025-10-20T02:45:20Z"
"Pantai Soge Pacitan berada di wilayah timur Kabupaten Pacitan dan dikenal punya pemandangan yang sangat indah. Jika dilihat dari atas jalur JLS, pantai ini jadi suguhan yang pas setelah melewati jalanan hutan dengan tanjakan, turunan, dan tikungan panjang. Dari atas, garis pantai dan laut lepasnya terlihat sangat memanjakan mata.

Area pantainya cukup luas dengan pasir putih yang bersih. Suasananya terbuka dan terasa eksotis, khas pantai selatan Jawa. Meski cuaca sedang cerah, angin lautnya cukup kencang sehingga udara tetap terasa sejuk. Ombaknya besar, jadi tidak disarankan untuk berenang. Kalau datang siang hari, sebaiknya tetap pakai tabir surya karena matahari bisa cukup terik.","Pantai Soge Pacitan","5.0","Don T. Beakunt","4 bulan lalu","2026-01-12T03:29:09Z"
"Pantai nya bagus bersih, view nya menawan banget. Touring dr klaten ke pacitan jarak tempuh 2,5jam ...","Pantai Soge Pacitan","5.0","Mira Yusnita","4 bulan lalu","2026-01-18T11:31:47Z"
"Pantai soge sekarang sudah mulai bagus. Pemandangannya berasa di pantai pandawa bali.","Pantai Soge Pacitan","5.0","maya astikasari","4 bulan lalu","2026-01-14T00:32:14Z"
"Pantai yg panjang dan bersih...ombaknya gede bgt ya guys... jajanan atau yg jualan pas gak banyak ...tp murah bgt...biar tambah asyik jangan lupa bawa bekel ya...","Pantai Soge Pacitan","5.0","Titin Runerih","4 bulan lalu","2025-12-23T21:39:46Z"
"soge ini mempunyai area pantai yg cukup panjang dengan pasir putihnya.
Ada muara sungai yg bisa diarungi dengan perahu. Yg bikin asyik adalah jalan menuju ke pantai ini, sangat nagih. View jalan pun mantab.
Tidak terlalu banyak warung disekitar.","Pantai Soge Pacitan","4.0","ardian11","9 bulan lalu","2025-07-27T02:40:07Z"
"pantai bagusss what a great view, sepi, ombaknya gede bgt jadi gak boleh berenang","Pantai Soge Pacitan","4.0","cel","4 bulan lalu","2026-01-10T05:48:17Z"
"Bagian terbaik dari pantai soge adalah muara sungainya, hijau, syahdu dan adem, di dekat sini ada warung yg punya lesehan tepat diatas sungainya. Makanannya murah tapi viewnya Mahal banget, sekelas Ubud Bali, datang kesini kapan saja, bagus terus viewnya.
Untuk pantai Soge sendiri, pantainya luas dan panas, kelihatan kok dari jalan raya, jarak ke air lautnya jauh banget dari jalan masuk, pasing pantainya jauh.","Pantai Soge Pacitan","5.0","nicky minaj","setahun lalu","2025-04-06T08:04:24Z"
"Selama bertahun - tahun kalau main ke pacitan sebelum dibuka untuk umum pantai soge seperti pantai pribadi, karena sebrang pantai rumah mbah biasa nginep semingguan tiap pagi atau sore selalu ke pantai, sepi banget dulu mah","Pantai Soge Pacitan","5.0","Ariska Mardiani","3 bulan lalu","2026-02-06T05:20:07Z"
"Salah satu pantai paling eksotis yang pernah saya kunjungi di Jawa. Area bentangnya luas, berpasir putih. Meski cuaca sangat cerah, hempasan angin samudera selatan tetap mendinginkan suasana. Mungkin sedikit saran, jangan lupa gunakan tabir surya agar terhindar dari sunburn.","Pantai Soge Pacitan","5.0","[at]hajigoor WhatTheFood","2 tahun lalu","2024-03-05T06:21:13Z"
"Keren dah
Ombak nya gede tp cantik bangettt
Gak pernah gak puas klo ke soge
Yg penting tetap dimana bumi dipijak, disitu langit dijunjung.","Pantai Soge Pacitan","5.0","Intan Syahara","setahun lalu","2025-04-09T06:07:01Z"
"pantainya cukup bagus, sayang tidak bisa untuk main air atau renang","Pantai Soge Pacitan","5.0","luis adi","9 bulan lalu","2025-08-05T08:16:39Z"
"Harga tiket masuk @10rb per orang. Waktu saya kesana sepi tidak terlalu banyak pengunjung. Penjual juga banyak beberapa yg tutup. Untuk toliet nya kurang layak kalau menurut saya , untuk ambil air nya tidak pakai gayung hanya menggunakan mangkok plastik saja. Pantai termasuk besar , cocok untuk piknik keluarga jika cuaca tidak terlalu panas","Pantai Soge Pacitan","4.0","Jill Jinda","2 tahun lalu","2023-11-10T09:12:14Z"
"Pantai Banyu Tibo punya keunikan air terjun yang jatuh pas ke pantai. Untuk masuk bayar 10rb per orang + parkir 2rb. Jalannya emang kurang bagus, agak rusak. Tapi saya rasa masih oke untuk dilalui motor. Penjual di sini ga terlalu banyak. Ga ada penginapan juga. Pantainya masih sepi. Kata pedagang sekitar kalau pas surut bisa loh turun. Karena bawa anak, saya cuma ajak main di sungai. Bersih sekali dan cukup aman karena tidak terlalu dalam (dangkal). Kalau pas pasang memang bikin takut. Makanan dan minuman di sini cukup terjangkau.","Banyu Tibo Beach","5.0","Insani Miftahul Janah","5 bulan lalu","2025-12-20T09:09:06Z"
"Pantai yang cantik dengan landscaping yang keren, waterfall yang unik, laut biru dengan deburan ombak yang dramatis. Perlu effort yang prima untuk tiba di lokasi tapi semuanya terbayar lunas dengan keindahan pantai ini. Tersedia warung utk makan, minum sambil beristirahat.","Banyu Tibo Beach","5.0","Hermin","7 bulan lalu","2025-10-20T08:35:56Z"
"🌊 Pantai Banyu Tibo – Perpaduan Pantai & Air Terjun yang Unik!
Pantai Banyu Tibo terletak di Desa Widoro, Donorojo, Pacitan. Akses menuju lokasi cukup menantang—jalan sempit dan berkelok, hanya bisa dilalui motor atau mobil kecil. Tapi semua terbayar saat tiba: pantai berpasir putih yang bersih, berpadu dengan air terjun alami yang langsung jatuh ke bibir laut.

🕒 Waktu terbaik berkunjung: saat air laut surut, karena saat pasang area pantai bisa tertutup ombak dan air terjun jadi sulit dinikmati.
Diarea pantai ada pemandu lokal yg membantu naik turun melalui tangga. Disediakn kotak pembayaran seihklasnya untuk pemeliharaan tangga darurat

💸 Harga tiket masuk:
- HTM 10rb
- Parkir: Rp2.000–Rp5.000 tergantung kendaraan

🚻 Fasilitas:
- Toilet dan kamar mandi bilas bersih
- Mushola sederhana
- Area parkir cukup untuk puluhan motor dan mobil pribadi
- Warung makan dan kios lokal
- Spot foto alami

📍 Lokasi ini cocok buat kamu yang suka suasana tenang, pemandangan eksotis, dan pengalaman alam yang berbeda. Jangan lupa bawa kamera dan datang saat cuaca cerah!","Banyu Tibo Beach","5.0","Aura Shanty","7 bulan lalu","2025-09-24T08:14:49Z"
"View bagus. Tiket masuk 10 K / org. Parkir seikhlasnya. Bibir pantai tidak terlalu luas. Turun ke pantai yang ada air terjunnya biasanya dianjurkan siang jam 1 sampai sore setengah 6 an. Ada guidenya yang siap membantu menuruni anak tangga dan membantu apabila ada ombak besar akan mengarahkan lita ke tempat yang aman. Untuk guidenya bayar seikhlasnya. Harus hati - hati kalau turun le bawah karena saat air surut kadang ombak yang datang juga besar terlebih jika membawa anak - anak. Setelah foto2 dibawah lebih baik segera naik dan menikmati view pantai dari atas akan lebih aman. Tersedia toilet dan ada warung - warung penjual makanan / kopi.","Banyu Tibo Beach","5.0","Phiphi","9 bulan lalu","2025-08-22T03:19:43Z"
"Untuk menuju ke pantai banyu tibo ini cukup dekat dg jogja. Jalan yg dilalui cukup tricky karena harus lewat jalan kecil, pas buat 1 mobil, naik turun dan kelak kelok.
Tiket masuk 10rb per orang + parkir.
Pagi datang ke sini tidak ramai. Bisa main air di kolam yg ada di atas pantai. Ada air terjun yg lgsg ke pantai.
Alangkah lebih baik dtg saat sore, krn klo pagi air laut pasang. Tidak bisa main di pantai. Dan utk turun ke pantai harus pakai tangga bambu.
View keren dan cocok utk santai
Fasilitas lengkap, ada warung, kamar mandi, parkir.","Banyu Tibo Beach","4.0","ardian11","9 bulan lalu","2025-07-27T02:34:52Z"
"Masya Allah tabarakallah... Pantainya indah sekali. Walaupun waktu ke sini ombaknya lagi besar dan nggak bisa main air, tapi menikmati suasana dengan pemandangannya sudah sangat cukup untuk healing. 😍😍😍😍 Next agendakan ke sini lagi deh pokoknya.","Banyu Tibo Beach","5.0","Agustina nur hidayah","3 bulan lalu","2026-02-02T23:14:47Z"
"pantainya bersih, bisa turun ke bawah didampingi guide yang super ramah puolll
guide nya juga bisa foto dan video yang cukup baguss","Banyu Tibo Beach","5.0","bagas aditama","6 bulan lalu","2025-11-14T14:10:26Z"
"Pantai terbaik nomer 2 di JLS (no.1 pantai Pangasan). Ada air terjun yg langsung mengalir ke pantai. Pantainya kecil dan bersih.
Kalo mau kesini mending di lihat dulu waktu pasang dan surut air laut, kalo pas pasang akan sangat berbahaya untuk turun ke bawah.
Biasanya ada orang yg jaga buat menurunkan tangga bambu menuju pantai di bawah air terjun, (bayar seiklasnya)
Di balik air terjunnya ada goa kecil yg bisa di masuki.","Banyu Tibo Beach","5.0","nicky minaj","setahun lalu","2025-04-06T09:08:58Z"
"Pantainya sangat asri menawan sayang pas kesana laut lagi pasang sehingga tidk bisa turun akses masuk sempit terutama samping TPR mohon diperlebar","Banyu Tibo Beach","5.0","Sutiman Jogo","7 bulan lalu","2025-10-12T08:59:13Z"
"Htm 10k
Parkir 10k ( seikhlasnya )
Pantainya unik ada air terjun yg lgsg turun ke pantai

Turun ke pantainya dibatasi jam 1 siang smpe jam 4an sore
Penjaga pantai ramah tukang parkir ramah penjual ramah makanannya enk
Sempet beli soto kaget warnanya putih rasa nasi uduk nyel manis gurih enk sih","Banyu Tibo Beach","4.0","Joz Kutik","setahun lalu","2025-04-12T10:44:06Z"
"Meskipun mirip air terjun, tapi Ndak bisa buat mandi ya 🙂‍↕️
Sumber airnya dari air yg kurang bersih (bercampur dengan limbah toilet)","Banyu Tibo Beach","5.0","Irfan Arief","4 bulan lalu","2026-01-02T10:51:55Z"
"Perjalanan dengan akses jalan yang lumayan extreme terbayar dengan pemadangan yg sangat bagus,pantainya masih asri tidak terlalu ramai
HTM 10rb, parkir mobil 5rb
Harga makanan pun juga relatif murah
Penjual,petugas jaga dan tukang parkir juga ramah2
Recomended lah pokoknya🫰👍👍","Banyu Tibo Beach","5.0","Ara Queena Achmad","setahun lalu","2025-04-03T06:34:43Z"
"Sebenarnya pantai yg cantik, cm mgkin pemeliharaannya aja yg harus ditingkatkan","Banyu Tibo Beach","5.0","irawati","5 bulan lalu","2025-12-17T07:03:47Z"
"Pantai unik di Pacitan. Keunikannya terletak pada air terjun yang mengarah ke laut. Ya walaupun tak terlalu tinggi, namun aliran air dari sungai ini cukup deras. Sehingga ketika bermuara dilaut menciptakan pemandangan yang cukup indah. Pantainya tak terlalu luas. Garis pantainya pendek. Tipikal pantai tebing. Sehingga ketika pasang maka pengunjung tidak dapat turun ke pesisir di bawah dekat air terjun. Namun kebalikannya, saat air laut surut maka hamparan pasir putih terlihat di bawah dan bisa turun bermain di sana. Fasilitas penunjang ya lumayan lah. Ada warung juga. Jalan kalau dilewati mobil bisa, namun masih sempit. Semoga pemerintah setempat bisa mengembangkan pantai ini dengan sarana dan prasarana yang lebih representatif sehingga meningkatkan kunjungan wisatawan ke Pantai Banyu Tibo.","Banyu Tibo Beach","5.0","Bowo Ardianto","setahun lalu","2025-03-04T10:22:02Z"
"Datang kesini karena penasaran dengan air terjun yg langsung ke pantai. Ternyata indah banget pantainya.
Alhamdulillah datang pas cuaca cerah, langit biru dan laut biru. Tiket masuk 10.000/orang dan bayar parkir 2.000.
Hanya saja jalan masuknya agak sempit, tapi masih muat untuk mobil. Hanya saja kalau papasan, agak sulit. Semoga ada pembangunan lebih lagi.","Banyu Tibo Beach","4.0","Fera Mochi","setahun lalu","2025-02-25T13:48:41Z"
"Datang hari Minggu 6 Juli 2025, harga tiket dewasa 10rb/orang, jalan akses masuk lagi perbaikan, jalan buka tutup, parkir mobil pribadi terbatas, disarankan pakai kendaraan roda dua. Banyak spot foto.","Banyu Tibo Beach","4.0","Ammarx!","10 bulan lalu","2025-07-07T07:12:25Z"
"Salah satu surga tersembunyi di bumi, dari jalan besar melewati ladang pertanian penduduk. Dibantu para pemuda untuk mengkondiskan lalu litasnya. begitu tahu pemandangannya mereka tidak mau diajak pulang.","Banyu Tibo Beach","5.0","alexander ananto","10 bulan lalu","2025-07-02T03:26:31Z"
"Anda mencari pantai yg lain dari yang lain??
Ini mungkin jawabannya.
Saya baru pertama menyaksikan air terjun (mini) langsung ke pantai. Dan itu Asyikkk!!
Bisa merasakan diguyur air terjun sambil merasakan pasir di kaki. Pejamkan mata dan telinga dimanjakan suara deburan ombak. Beuh beuh beeeuuhh.

Yak! Di pantai ini anda bisa menemukan itu semua. Air terjun ini air tawar dari sungai yg mengalir ke arah laut. Pantai nya sebenernya hanya teluk kecil yg terbentuk karena kebaikan alam.

Semoga saat anda berkunjung, air laut tidak sedang pasang dan anda bisa turun ke pantai dari tempat parkiran. Jikapun tidak beruntung, anda bisa makan di warung lesehan samping sekalian memutar perekonomian lokal. Jangan lupa dibayar dulu semua sebelum makan yaa. 😉

Akses kesana cukup challenging. Persiapkan mobil dan driver anda!!","Banyu Tibo Beach","5.0","Nugraha Arya","Diedit setahun lalu","2025-01-05T03:55:49Z"
"Begitu indah dan rekomendasi wisata minat khusus goa di pacitan","Goa Luweng Jaran","5.0","aziz PSS","2 tahun lalu","2023-06-18T14:10:37Z"
"Luweng Jaran terletak di kedalaman 45 meter vertikal. Pos pertama 15 meter lalu tiba di dataran dalam gua. Jalan kaki masuk lorong Gua sampai tiba di pos 2. Dari pos 2, baru turun lagi sekitar 20 meter vertikal untuk sampai di ""menu alam utama"" luweng jaran.

Baru dua kali masuk luweng jaran yang begitu luar biasa indahnya dan megah ornamennya. Semoga waktu masih berpihak untuk kembali explore ke luweng jaran...","Goa Luweng Jaran","5.0","Fahmi Metala","5 tahun lalu","2021-02-26T20:36:31Z"
"Waduh tempatnya sudah tidak terawat lagi terasa merit, sepertinya goanya longsor cocok untuk tempat bertapa","Goa Luweng Jaran","3.0","Danu Nur Wibawa","5 tahun lalu","2021-03-29T05:47:25Z"
"terakhir kesini tahun 2016, waktu itu masih natural lingkungan entrance goa nya","Goa Luweng Jaran","5.0","alvredooo","5 tahun lalu","2020-12-26T19:27:32Z"
"Goa yang menawarkan keindahan ornamen juga pengalaman petualangan yang komplit dengan lorong goa vertikal juga horizontal","Goa Luweng Jaran","5.0","Muhammad Nur Arifin","9 tahun lalu","2017-05-19T01:48:04Z"
"Goa bawah tanah terpanjang. Ada aliran sungai bwh tanah","Goa Luweng Jaran","5.0","farid alvito","9 tahun lalu","2017-02-10T00:44:23Z"
"Sip... luar biasa kebesaran tuhan","Goa Luweng Jaran","5.0","Umar Al kufa","7 tahun lalu","2019-02-27T20:31:02Z"
"Kos nyaman dan aman","Goa Luweng Jaran","5.0","Dian Damayanti","6 tahun lalu","2019-07-27T14:29:30Z"
"Keindahaanya dan pemandangan bagus","Goa Luweng Jaran","5.0","Budi Janto","6 tahun lalu","2019-08-03T13:50:59Z"
"Pernah di sini","Goa Luweng Jaran","5.0","Madu Kembangrandu","2 tahun lalu","2024-03-01T14:05:36Z"
"Tempatnya bagus","Goa Luweng Jaran","5.0","Vico Vivo","4 tahun lalu","2022-05-10T01:50:01Z"
"Sy g masuk","Goa Luweng Jaran","4.0","Nuruz Zahiroh","7 tahun lalu","2018-10-28T01:45:08Z"
"Bagus","Goa Luweng Jaran","5.0","Sulistiyono","4 tahun lalu","2022-05-20T03:38:41Z"
"Spot Bagus","Goa Luweng Jaran","5.0","Luven Febrihandoko","7 tahun lalu","2019-01-19T08:59:16Z"
"Amazing under ground world number one Asia number two dunia, super extreme and long size","Goa Luweng Jaran","5.0","Whokho SiBolang","Diedit 7 tahun lalu","2018-05-23T18:49:58Z"
"Ok","Goa Luweng Jaran","5.0","Hendi Riska fianto","6 tahun lalu","2019-12-28T14:11:05Z"
"","Goa Luweng Jaran","2.0","Joko sulistyo (joko)","setahun lalu","2024-05-28T20:08:59Z"
"","Goa Luweng Jaran","4.0","rizky chandra","3 tahun lalu","2022-08-16T02:51:08Z"
